email,id,hashed_password,name,google_id,token
scotthowell@example.org,152,$2b$12$i81sq2zqDendT2CzRHTb2uHFJwRSvDJoLxfo1JB1cDbGfBgvRK0ui,Timothy Conrad,,
frankedwards@example.com,153,$2b$12$0S5xDVPpMrxq.5YsgW7LRumiCdbXbv9kLBf.ALK1NU.G7lW5YHMS6,Scott Walker,,
carmen97@example.com,154,$2b$12$tLEHRTh9ZSogrWmv2CBJOeI8kupb2hidkRRWJ3OkMfi/Rl2CjVNCG,Robert Bowers,,
yvargas@example.net,155,$2b$12$JaqY29DvnOG0Ps6XaeNJ.uuV3AeQLAa0rrnhmtq7WoywmKmVJRlBu,Peggy Perez,,
ukrause@example.org,156,$2b$12$SuxfJpvd6FSa4oRzi/ueZeazA7rG8plm7joghX681SCZRxE9eB.1K,Rachel Martin,,
jcurry@example.org,157,$2b$12$msnzLSU1gd4BDeIqrL8fm.0YWisMdzNItHevicqtgGESGM4tAO9ha,Benjamin White,,
jennamaddox@example.com,158,$2b$12$OXbwS6H5VfaIOZhHsmcL3.DhA5qWTu0A0gHcqcJivIZ84i9otYAgS,Robin Parker,,
darlene44@example.com,159,$2b$12$MSGNqaokKxHwj5tKsE66IesZhweEzPvCvRUnsP9QnUd6CPm9BYFA6,Angela Morales,,
zacharymartin@example.net,160,$2b$12$yF0CegLhI/KmnGtdBNdMVOBNybvZO6GKQnpfOHkFcpEJJA.KX/dky,Felicia Wright,,
andreaedwards@example.org,161,$2b$12$giMHuVxXGRkrZ8QwRXkMBO8pG.INDrP9/ukemlpIhMgKms7H5A7Aq,William Elliott,,
amiller@example.org,162,$2b$12$m37iCkwnBKhBzGQL6pigQe531.xutpU8/n4IM7NhF6l/.U5ePU48C,Scott Johnson,,
williamsjorge@example.net,163,$2b$12$iSlKg9AFcT/yxSicpFVpx.0NgkvaNJF/CcUIw8Wo9KvvFoz4V43PW,Stephanie Meyer,,
collinsmadison@example.com,164,$2b$12$w6jPb2rYX4EmhPSxtpJwMe2F31VqjJBVnWheTvr6hIhbociBfxQZ2,Michael Morris,,
michael66@example.net,165,$2b$12$mbgoU8kJahffUEI9Fya3w.V6FKyjTwLZiTACBXsPoTq7tm3fqLJEq,Jennifer Martin,,
jessica75@example.net,166,$2b$12$LcfsHwHQeBSWlmhhrDj2Ie.ylExGtAnQH9zV519j1/dp6wP069NIm,Michael Wells,,
christophervance@example.net,167,$2b$12$sQyInt0ePOWiDNBe4DGZE.Y1DG3RSzDA2tQLHCWLv9WLwaNM/IqQW,Jacob Hobbs,,
ingramkristen@example.org,168,$2b$12$yRKGYjaibYE4E2khYgfje.FuQ9GDQly8pWCSMsoxLIGzbbIiw5aIa,Denise Wells,,
stephanie62@example.org,169,$2b$12$ShsxX3Mmfi4BDqxNdgMfaO0xk1NCuLQIonfoZJRpgz.M7/7usIeFy,Brittany Ross,,
hillgerald@example.com,170,$2b$12$r6oXnmd14xcl1TjkJ478qe.BaEP.m3SNTCbmnNAevKddh0SUJh5CG,Ryan Nelson,,
opalmer@example.com,171,$2b$12$1EkT0xPWlRgj30OD48XRZujOaNAqbTZQrlHDrsvwy0TF3Dah4gBKS,Melinda Hernandez,,
laura90@example.net,172,$2b$12$.nJFkpidNxAh4wFptzJdTeaIKRqN023QMYu2YiI/ytszgSyMk/09W,Benjamin Wells,,
hfloyd@example.net,173,$2b$12$q9uZpQtBtwrf0YYpCM11JeK2ZaEzoTTPk4d/YBIEPH.MY0E7bfOhS,Taylor Brown,,
smendez@example.org,174,$2b$12$jClP334fAIgtMFfXCTAmm.lbQq4iODv4BGgIcfYOdoaWJFGoH4VhS,Sara Cervantes,,
qhoward@example.com,175,$2b$12$b5yFbVtp58ms3Pdxq3B/3Oz0FredIsc2nCUZIY2TFcOMatqkX0wp2,Kimberly Ponce,,
christian32@example.com,176,$2b$12$R/r6Du041.a9MsHSApmXROYFKOFyZ.DPW44uohBCQTETQ.NjLn2bi,Laura Olson,,
amandaanderson@example.net,177,$2b$12$uZU.rPVDIBIeQk/CFJflA.s7KFtmmteMl5trZIZYUJXUzdpOo8DcC,Christopher Reynolds,,
justinhaynes@example.org,178,$2b$12$zU8c9NeBvuR3tN/4nL2xl.VODKEQ8ZJj6IYlc4lTPOFCSWvrzawyC,John Wilkinson,,
joseph45@example.net,179,$2b$12$vydd66Nc5zRDf2FIMcfahOuva.eA0Tul3.6bmBl14RKVqaQN0OKOa,Andrew Stevenson,,
gloriabarker@example.net,180,$2b$12$oIlTLPipsrC/0yTXu7ZCXeCJOfjZlEVcqmzzVXS9Iv83Bt32KTzk2,Brenda Parker,,
beckertaylor@example.net,181,$2b$12$/TFjbf9.qOfxncDg2vUX4ekeR5.NJw0y3mOVfAR40j6psu8m2O1wC,Nicholas Vaughn,,
wleon@example.com,182,$2b$12$rLCC0RH1QMjn6SSEvdGs..dXqcyexVjC/1vC1/s9eVSrFxEwiKtvy,Carolyn Watson,,
vwebb@example.net,183,$2b$12$E30atvbdeFEV..cR/9A9QOtvHLzF2txSOGUs2rrXLhJ1epa/0fYi2,Christian Davis,,
jillianhamilton@example.org,184,$2b$12$BqFVyXCHJ0vqTorZPvbV5eWEPH1ePlx1J3sLKJBhfxCjljxn95v/m,Timothy Lloyd,,
trodriguez@example.net,185,$2b$12$v/C1J0/Jm9tRvsC9LijwkONKsv9QxICT5BJyyxw7dDckY6ZLALQ12,Zachary Boyd,,
austinchapman@example.org,186,$2b$12$NfW/HD6JN8N.Z/pE9EbhduWkA.nIWPfSrVAO8WKfCq3QvyIBxXpjq,Nicole Small,,
whartman@example.org,187,$2b$12$deudX1hd71VWb/0dR8aEBOBax/gwAWX5/sbj3G7xPW/FG626t3a4C,Sylvia Lewis,,
obrown@example.org,188,$2b$12$p6lw9ANRDW6BI3w2VreequshyaLxUAtxurOpSWrK/gkWA19IOO5c.,Jennifer Lambert,,
denise51@example.net,189,$2b$12$OM8.mrJ3BXqK.7xU9pYILO/WTdj1pqBzaagpQAGgvVxkPhEHyeapy,Amy Estrada,,
chungricky@example.com,190,$2b$12$bdIfx1PZllTV8HR5lqYLZe1GQDIW/keGvSn47JPSL6BYLvx.WgsAK,Patricia Kelley,,
fyu@example.org,191,$2b$12$VeIwqiVJNDmqOtw6FCTUJOcNOmR7HkrAPwVwBpyatLNm7S.eTP.au,David Reynolds,,
mtaylor@example.com,192,$2b$12$7PE.XflEpO8KQYtfBA0B6OPSJZ6iW7uY26M3ZEt1bcXS9Okkq8FrS,Tina Fields,,
melissa42@example.net,193,$2b$12$SA.sXh9FkKVPguGz/EL6yOavtNFF4EBRfeaYX23pAc/S7PvWz76NS,Kimberly Blair DDS,,
salazarandrew@example.org,194,$2b$12$XVle7CWm9E2Iy9w6RdrD4upYgqPputpTEIET3Fb2thnh7BDCoJ9PO,Shawn Robinson,,
richard93@example.org,195,$2b$12$Diob3ksr3XuXXZo1E.3ae.15OBeffsiPm2K88bvvnlpsy5CEk3gC.,Daniel Doyle,,
cervanteskevin@example.org,196,$2b$12$pFel3RXsBfuXIe3VHfXLRuYovFaVgnLfuoS9ghNHaJGinj35CzHn6,Julie King,,
xmoreno@example.net,197,$2b$12$/EvoZ3nVKHGSrAQ8UsSXReo3dbuZ8zttdSb5dz7WPP2CxiQTQ8YQ.,Gary Vincent,,
jessica46@example.com,198,$2b$12$WUgY36V71k1Ooz2St.ymBOXWvRTBXolMN1m9i5rA7HGiWUSqKh4Nu,Amanda Rivera,,
stevenlindsey@example.com,199,$2b$12$uJwZQszev4eKxl4YzB/.MuExgivD36nOoQjjgNDSnjS//IoFxeAMG,Melissa Jefferson,,
plee@example.org,200,$2b$12$T7YBXTNWC0d.dMmCvYdSn.4bDTiIe07DrsQP7GuMrUgN0MfNtXJ0y,Carmen Carroll,,
ashleydiaz@example.org,201,$2b$12$yYK1aE.DuXuSTBjRSaKK8eWExVcFlkUOek.CABO6MC0h57k.2BsV6,Kimberly Miller DDS,,
