email,name,google_id,password
scotthowell@example.org,Timothy Conrad,,V8W4zFGpo(
frankedwards@example.com,Scott Walker,,W1SEBKzb##
carmen97@example.com,Robert Bowers,,GAb5VXgmA$
yvargas@example.net,Peggy Perez,,4v9Y44My1(
ukrause@example.org,Rachel Martin,,+9OXx%Qg)Q
jcurry@example.org,Benjamin White,,4slLE#Gb^w
jennamaddox@example.com,Robin Parker,,#2tdS@*Wog
darlene44@example.com,Angela Morales,,$@9kbGdGyy
zacharymartin@example.net,Felicia Wright,,*a0#MMnL%Y
andreaedwards@example.org,William Elliott,,ljIp1cZ9@8
amiller@example.org,Scott Johnson,,C85XmEtH!$
williamsjorge@example.net,Stephanie Meyer,,%Gx9Wx)^c9
collinsmadison@example.com,Michael Morris,,3+A3Urvg(s
michael66@example.net,Jennifer Martin,,%S7MSyh6%$
jessica75@example.net,Michael Wells,,)DigN2Od(o
christophervance@example.net,Jacob Hobbs,,%n+23IBwCp
ingramkristen@example.org,Denise Wells,,$bGXiimCE1
stephanie62@example.org,Brittany Ross,,A(34GYo!%q
hillgerald@example.com,Ryan Nelson,,1uSGA6n5(o
opalmer@example.com,Melinda Hernandez,,9_Q2WoNcUt
laura90@example.net,Benjamin Wells,,3Wt6MN3a$3
hfloyd@example.net,Taylor Brown,,$3H(ZiBk(o
smendez@example.org,Sara Cervantes,,sT4*&ITyC)
qhoward@example.com,Kimberly Ponce,,*6TIrg0#x5
christian32@example.com,Laura Olson,,@P)9E3TaNr
amandaanderson@example.net,Christopher Reynolds,,(o0(U*Au18
justinhaynes@example.org,John Wilkinson,,z#2X7Ipi+@
joseph45@example.net,Andrew Stevenson,,fK#9LllIM9
gloriabarker@example.net,Brenda Parker,,_y5nQ0baH+
beckertaylor@example.net,Nicholas Vaughn,,^O&xQxznh5
wleon@example.com,Carolyn Watson,,S1Pvz!uK#E
vwebb@example.net,Christian Davis,,^2$&Ko+%22
jillianhamilton@example.org,Timothy Lloyd,,L9VHqx+w!1
trodriguez@example.net,Zachary Boyd,,nAEQ99m!*9
austinchapman@example.org,Nicole Small,,@^9t4(Dz4X
whartman@example.org,Sylvia Lewis,,4wQKOd$W@c
obrown@example.org,Jennifer Lambert,,fI6(KEts@6
denise51@example.net,Amy Estrada,,#i9PkUNl!3
chungricky@example.com,Patricia Kelley,,M0ZRuAmW&a
fyu@example.org,David Reynolds,,y58GCipg$W
mtaylor@example.com,Tina Fields,,4*U5F@ut)8
melissa42@example.net,Kimberly Blair DDS,,b&6%UbUs+b
salazarandrew@example.org,Shawn Robinson,,^JVt7Uh1%%
richard93@example.org,Daniel Doyle,,%9vGwRvScc
cervanteskevin@example.org,Julie King,,+9WNCdutL5
xmoreno@example.net,Gary Vincent,,q(5E0Qudmn
jessica46@example.com,Amanda Rivera,,Bs2QHbGi7*
stevenlindsey@example.com,Melissa Jefferson,,A3bfKwBc(2
plee@example.org,Carmen Carroll,,O_6jST@eNR
ashleydiaz@example.org,Kimberly Miller DDS,,#3eLV15^$p
